{"cameraMode":{"drawMode":0,"name":"Shaded","section":"Shading Mode"},"sceneLighting":false,"audioPlay":false,"sceneViewState":{"m_AlwaysRefresh":false,"showFog":true,"showSkybox":false,"showFlares":true,"showImageEffects":true,"showParticleSystems":true,"showVisualEffectGraphs":true,"m_FxEnabled":true},"in2DMode":false,"pivot":{"x":7.230000019073486,"y":2.200000286102295,"z":3.4456005096435549},"rotation":{"x":-0.14667890965938569,"y":-0.036493778228759769,"z":0.0054143802262842659,"w":-0.9885059595108032},"size":2.415760040283203,"orthographic":false}