{"cameraMode":{"drawMode":0,"name":"Shaded","section":"Shading Mode"},"sceneLighting":false,"audioPlay":false,"sceneViewState":{"m_AlwaysRefresh":false,"showFog":true,"showSkybox":false,"showFlares":true,"showImageEffects":true,"showParticleSystems":true,"showVisualEffectGraphs":true,"m_FxEnabled":true},"in2DMode":false,"pivot":{"x":-0.2895791530609131,"y":0.4315895736217499,"z":0.8278286457061768},"rotation":{"x":0.013656090013682843,"y":-0.7753307819366455,"z":0.01636265590786934,"w":0.6314237713813782},"size":1.2247449159622193,"orthographic":false}