{"cameraMode":{"drawMode":0,"name":"Shaded","section":"Shading Mode"},"sceneLighting":false,"audioPlay":false,"sceneViewState":{"m_AlwaysRefresh":false,"showFog":true,"showSkybox":false,"showFlares":true,"showImageEffects":true,"showParticleSystems":true,"showVisualEffectGraphs":true,"m_FxEnabled":true},"in2DMode":false,"pivot":{"x":4.824570655822754,"y":1.340000033378601,"z":-1.8515653610229493},"rotation":{"x":-0.14667890965938569,"y":-0.036493778228759769,"z":0.0054143802262842659,"w":-0.9885059595108032},"size":0.8660253882408142,"orthographic":false}